,Unnamed: 0,file,label
0,0,assets/addi/fire/rescaled_image_5.jpg,fire
1,1,assets/addi/fire/rescaled_image_7.jpg,fire
2,2,assets/addi/fire/rescaled_image_6.jpg,fire
3,3,assets/addi/fire/rescaled_image_26.jpg,fire
4,4,assets/addi/fire/rescaled_image_24.jpg,fire
5,5,assets/addi/fire/rescaled_image_27.jpg,fire
6,6,assets/addi/fire/rescaled_image_17.jpg,fire
7,7,assets/addi/fire/rescaled_image_14.jpg,fire
8,8,assets/addi/fire/rescaled_image_16.jpg,fire
9,9,assets/addi/fire/rescaled_image_19.jpg,fire
10,10,assets/addi/fire/rescaled_image_10.jpg,fire
11,11,assets/addi/fire/rescaled_image_25.jpg,fire
12,12,assets/addi/fire/rescaled_image_21.jpg,fire
13,13,assets/addi/fire/rescaled_image_8.jpg,fire
14,14,assets/addi/fire/rescaled_image_18.jpg,fire
15,15,assets/addi/fire/rescaled_image_11.jpg,fire
16,16,assets/addi/fire/rescaled_image_23.jpg,fire
17,17,assets/addi/fire/rescaled_image_0.jpg,fire
18,18,assets/addi/fire/rescaled_image_13.jpg,fire
19,19,assets/addi/fire/rescaled_image_4.jpg,fire
20,20,assets/addi/fire/rescaled_image_9.jpg,fire
21,21,assets/addi/fire/rescaled_image_1.jpg,fire
22,22,assets/addi/fire/rescaled_image_2.jpg,fire
23,23,assets/addi/fire/rescaled_image_22.jpg,fire
24,24,assets/addi/fire/rescaled_image_15.jpg,fire
25,25,assets/addi/fire/rescaled_image_20.jpg,fire
26,26,assets/addi/no_fire/rescaled_image_5.jpg,no_fire
27,27,assets/addi/no_fire/rescaled_image_7.jpg,no_fire
28,28,assets/addi/no_fire/rescaled_image_6.jpg,no_fire
29,29,assets/addi/no_fire/rescaled_image_26.jpg,no_fire
30,30,assets/addi/no_fire/rescaled_image_24.jpg,no_fire
31,31,assets/addi/no_fire/rescaled_image_17.jpg,no_fire
32,32,assets/addi/no_fire/rescaled_image_12.jpg,no_fire
33,33,assets/addi/no_fire/rescaled_image_19.jpg,no_fire
34,34,assets/addi/no_fire/rescaled_image_10.jpg,no_fire
35,35,assets/addi/no_fire/rescaled_image_25.jpg,no_fire
36,36,assets/addi/no_fire/rescaled_image_21.jpg,no_fire
37,37,assets/addi/no_fire/rescaled_image_8.jpg,no_fire
38,38,assets/addi/no_fire/rescaled_image_18.jpg,no_fire
39,39,assets/addi/no_fire/rescaled_image_11.jpg,no_fire
40,40,assets/addi/no_fire/rescaled_image_23.jpg,no_fire
41,41,assets/addi/no_fire/rescaled_image_0.jpg,no_fire
42,42,assets/addi/no_fire/rescaled_image_13.jpg,no_fire
43,43,assets/addi/no_fire/rescaled_image_4.jpg,no_fire
44,44,assets/addi/no_fire/rescaled_image_9.jpg,no_fire
45,45,assets/addi/no_fire/rescaled_image_1.jpg,no_fire
46,46,assets/addi/no_fire/rescaled_image_3.jpg,no_fire
47,47,assets/addi/no_fire/rescaled_image_2.jpg,no_fire
48,48,assets/addi/no_fire/rescaled_image_15.jpg,no_fire
49,49,assets/addi/no_fire/rescaled_image_20.jpg,no_fire
50,50,assets/addi/photos/rescaled_image_5.jpg,no_fire
51,51,assets/addi/photos/rescaled_image_7.jpg,fire
52,52,assets/addi/photos/rescaled_image_6.jpg,no_fire
53,53,assets/addi/photos/rescaled_image_26.jpg,no_fire
54,54,assets/addi/photos/rescaled_image_24.jpg,no_fire
55,55,assets/addi/photos/rescaled_image_17.jpg,fire
56,56,assets/addi/photos/rescaled_image_12.jpg,fire
57,57,assets/addi/photos/rescaled_image_14.jpg,no_fire
58,58,assets/addi/photos/rescaled_image_16.jpg,fire
59,59,assets/addi/photos/rescaled_image_19.jpg,fire
60,60,assets/addi/photos/rescaled_image_10.jpg,fire
61,61,assets/addi/photos/rescaled_image_25.jpg,no_fire
62,62,assets/addi/photos/rescaled_image_21.jpg,fire
63,63,assets/addi/photos/rescaled_image_8.jpg,no_fire
64,64,assets/addi/photos/rescaled_image_18.jpg,fire
65,65,assets/addi/photos/rescaled_image_11.jpg,fire
66,66,assets/addi/photos/rescaled_image_23.jpg,no_fire
67,67,assets/addi/photos/rescaled_image_0.jpg,no_fire
68,68,assets/addi/photos/rescaled_image_13.jpg,no_fire
69,69,assets/addi/photos/rescaled_image_9.jpg,fire
70,70,assets/addi/photos/rescaled_image_1.jpg,no_fire
71,71,assets/addi/photos/rescaled_image_3.jpg,fire
72,72,assets/addi/photos/rescaled_image_2.jpg,no_fire
73,73,assets/addi/photos/rescaled_image_22.jpg,fire
74,74,assets/addi/photos/rescaled_image_15.jpg,no_fire
75,75,assets/addi/photos/rescaled_image_20.jpg,fire
0,0,assets/addi/fire_database/image1.jpg,fire
1,1,assets/addi/fire_database/image10.jpg,fire
2,2,assets/addi/fire_database/image100.jpg,no_fire
3,3,assets/addi/fire_database/image101.jpg,no_fire
4,4,assets/addi/fire_database/image103.jpg,no_fire
5,5,assets/addi/fire_database/image104.jpg,fire
6,6,assets/addi/fire_database/image105.jpg,no_fire
7,7,assets/addi/fire_database/image106.jpg,no_fire
8,8,assets/addi/fire_database/image107.jpg,fire
9,9,assets/addi/fire_database/image109.jpg,no_fire
10,10,assets/addi/fire_database/image11.jpg,no_fire
11,11,assets/addi/fire_database/image110.jpg,no_fire
12,12,assets/addi/fire_database/image112.jpg,no_fire
13,13,assets/addi/fire_database/image113.jpg,no_fire
14,14,assets/addi/fire_database/image114.jpg,no_fire
15,15,assets/addi/fire_database/image115.jpg,no_fire
16,16,assets/addi/fire_database/image116.jpg,no_fire
17,17,assets/addi/fire_database/image117.jpg,no_fire
18,18,assets/addi/fire_database/image118.jpg,fire
19,19,assets/addi/fire_database/image119.jpg,no_fire
20,20,assets/addi/fire_database/image120.jpg,fire
21,21,assets/addi/fire_database/image122.jpg,no_fire
22,22,assets/addi/fire_database/image123.jpg,fire
23,23,assets/addi/fire_database/image124.jpg,fire
24,24,assets/addi/fire_database/image125.jpg,no_fire
25,25,assets/addi/fire_database/image126.jpg,no_fire
26,26,assets/addi/fire_database/image127.jpg,fire
27,27,assets/addi/fire_database/image128.jpg,fire
28,28,assets/addi/fire_database/image129.jpg,no_fire
29,29,assets/addi/fire_database/image13.jpg,fire
30,30,assets/addi/fire_database/image131.jpg,fire
31,31,assets/addi/fire_database/image132.jpg,fire
32,32,assets/addi/fire_database/image133.jpg,fire
33,33,assets/addi/fire_database/image134.jpg,no_fire
34,34,assets/addi/fire_database/image135.jpg,fire
35,35,assets/addi/fire_database/image137.jpg,no_fire
36,36,assets/addi/fire_database/image138.jpg,no_fire
37,37,assets/addi/fire_database/image139.jpg,fire
38,38,assets/addi/fire_database/image14.jpg,no_fire
39,39,assets/addi/fire_database/image140.jpg,no_fire
40,40,assets/addi/fire_database/image141.jpg,fire
41,41,assets/addi/fire_database/image142.jpg,no_fire
42,42,assets/addi/fire_database/image143.jpg,no_fire
43,43,assets/addi/fire_database/image144.jpg,fire
44,44,assets/addi/fire_database/image146.jpg,no_fire
45,45,assets/addi/fire_database/image147.jpg,fire
46,46,assets/addi/fire_database/image148.jpg,no_fire
47,47,assets/addi/fire_database/image149.jpg,no_fire
48,48,assets/addi/fire_database/image15.jpg,no_fire
49,49,assets/addi/fire_database/image150.jpg,no_fire
50,50,assets/addi/fire_database/image151.jpg,no_fire
51,51,assets/addi/fire_database/image153.jpg,no_fire
52,52,assets/addi/fire_database/image154.jpg,fire
53,53,assets/addi/fire_database/image155.jpg,no_fire
54,54,assets/addi/fire_database/image156.jpg,no_fire
55,55,assets/addi/fire_database/image157.jpg,no_fire
56,56,assets/addi/fire_database/image158.jpg,fire
57,57,assets/addi/fire_database/image16.jpg,fire
58,58,assets/addi/fire_database/image160.jpg,no_fire
59,59,assets/addi/fire_database/image161.jpg,no_fire
60,60,assets/addi/fire_database/image162.jpg,fire
61,61,assets/addi/fire_database/image164.jpg,no_fire
62,62,assets/addi/fire_database/image165.jpg,no_fire
63,63,assets/addi/fire_database/image167.jpg,fire
64,64,assets/addi/fire_database/image168.jpg,no_fire
65,65,assets/addi/fire_database/image169.jpg,no_fire
66,66,assets/addi/fire_database/image17.jpg,no_fire
67,67,assets/addi/fire_database/image170.jpg,no_fire
68,68,assets/addi/fire_database/image173.jpg,no_fire
69,69,assets/addi/fire_database/image175.jpg,fire
70,70,assets/addi/fire_database/image176.jpg,no_fire
71,71,assets/addi/fire_database/image177.jpg,fire
72,72,assets/addi/fire_database/image179.jpg,no_fire
73,73,assets/addi/fire_database/image18.jpg,no_fire
74,74,assets/addi/fire_database/image180.jpg,no_fire
75,75,assets/addi/fire_database/image181.jpg,no_fire
76,76,assets/addi/fire_database/image182.jpg,no_fire
77,77,assets/addi/fire_database/image183.jpg,fire
78,78,assets/addi/fire_database/image185.jpg,no_fire
79,79,assets/addi/fire_database/image186.jpg,no_fire
80,80,assets/addi/fire_database/image187.jpg,no_fire
81,81,assets/addi/fire_database/image188.jpg,no_fire
82,82,assets/addi/fire_database/image189.jpg,no_fire
83,83,assets/addi/fire_database/image19.jpg,no_fire
84,84,assets/addi/fire_database/image190.jpg,no_fire
85,85,assets/addi/fire_database/image191.jpg,fire
86,86,assets/addi/fire_database/image192.jpg,fire
87,87,assets/addi/fire_database/image193.jpg,fire
88,88,assets/addi/fire_database/image194.jpg,no_fire
89,89,assets/addi/fire_database/image195.jpg,fire
90,90,assets/addi/fire_database/image196.jpg,fire
91,91,assets/addi/fire_database/image197.jpg,no_fire
92,92,assets/addi/fire_database/image198.jpg,no_fire
93,93,assets/addi/fire_database/image199.jpg,no_fire
94,94,assets/addi/fire_database/image2.jpg,no_fire
95,95,assets/addi/fire_database/image20.jpg,fire
96,96,assets/addi/fire_database/image200.jpg,fire
97,97,assets/addi/fire_database/image201.jpg,no_fire
98,98,assets/addi/fire_database/image202.jpg,fire
99,99,assets/addi/fire_database/image203.jpg,no_fire
100,100,assets/addi/fire_database/image204.jpg,no_fire
101,101,assets/addi/fire_database/image205.jpg,no_fire
102,102,assets/addi/fire_database/image207.jpg,fire
103,103,assets/addi/fire_database/image208.jpg,fire
104,104,assets/addi/fire_database/image209.jpg,no_fire
105,105,assets/addi/fire_database/image210.jpg,no_fire
106,106,assets/addi/fire_database/image211.jpg,no_fire
107,107,assets/addi/fire_database/image212.jpg,fire
108,108,assets/addi/fire_database/image213.jpg,no_fire
109,109,assets/addi/fire_database/image214.jpg,no_fire
110,110,assets/addi/fire_database/image215.jpg,no_fire
111,111,assets/addi/fire_database/image216.jpg,no_fire
112,112,assets/addi/fire_database/image218.jpg,no_fire
113,113,assets/addi/fire_database/image219.jpg,fire
114,114,assets/addi/fire_database/image22.jpg,no_fire
115,115,assets/addi/fire_database/image220.jpg,no_fire
116,116,assets/addi/fire_database/image221.jpg,no_fire
117,117,assets/addi/fire_database/image222.jpg,fire
118,118,assets/addi/fire_database/image223.jpg,no_fire
119,119,assets/addi/fire_database/image224.jpg,fire
120,120,assets/addi/fire_database/image225.jpg,no_fire
121,121,assets/addi/fire_database/image226.jpg,no_fire
122,122,assets/addi/fire_database/image227.jpg,no_fire
123,123,assets/addi/fire_database/image228.jpg,fire
124,124,assets/addi/fire_database/image229.jpg,fire
125,125,assets/addi/fire_database/image23.jpg,fire
126,126,assets/addi/fire_database/image230.jpg,no_fire
127,127,assets/addi/fire_database/image231.jpg,no_fire
128,128,assets/addi/fire_database/image232.jpg,no_fire
129,129,assets/addi/fire_database/image233.jpg,fire
130,130,assets/addi/fire_database/image234.jpg,no_fire
131,131,assets/addi/fire_database/image235.jpg,no_fire
132,132,assets/addi/fire_database/image236.jpg,no_fire
133,133,assets/addi/fire_database/image237.jpg,fire
134,134,assets/addi/fire_database/image238.jpg,no_fire
135,135,assets/addi/fire_database/image239.jpg,fire
136,136,assets/addi/fire_database/image24.jpg,fire
137,137,assets/addi/fire_database/image240.jpg,no_fire
138,138,assets/addi/fire_database/image241.jpg,no_fire
139,139,assets/addi/fire_database/image242.jpg,fire
140,140,assets/addi/fire_database/image243.jpg,no_fire
141,141,assets/addi/fire_database/image244.jpg,fire
142,142,assets/addi/fire_database/image245.jpg,no_fire
143,143,assets/addi/fire_database/image246.jpg,no_fire
144,144,assets/addi/fire_database/image247.jpg,no_fire
145,145,assets/addi/fire_database/image248.jpg,no_fire
146,146,assets/addi/fire_database/image249.jpg,no_fire
147,147,assets/addi/fire_database/image25.jpg,fire
148,148,assets/addi/fire_database/image250.jpg,fire
149,149,assets/addi/fire_database/image252.jpg,fire
150,150,assets/addi/fire_database/image253.jpg,fire
151,151,assets/addi/fire_database/image254.jpg,no_fire
152,152,assets/addi/fire_database/image255.jpg,no_fire
153,153,assets/addi/fire_database/image256.jpg,no_fire
154,154,assets/addi/fire_database/image257.jpg,fire
155,155,assets/addi/fire_database/image258.jpg,no_fire
156,156,assets/addi/fire_database/image259.jpg,no_fire
157,157,assets/addi/fire_database/image26.jpg,no_fire
158,158,assets/addi/fire_database/image261.jpg,no_fire
159,159,assets/addi/fire_database/image262.jpg,no_fire
160,160,assets/addi/fire_database/image263.jpg,fire
161,161,assets/addi/fire_database/image265.jpg,no_fire
162,162,assets/addi/fire_database/image266.jpg,fire
163,163,assets/addi/fire_database/image267.jpg,no_fire
164,164,assets/addi/fire_database/image268.jpg,no_fire
165,165,assets/addi/fire_database/image269.jpg,fire
166,166,assets/addi/fire_database/image27.jpg,no_fire
167,167,assets/addi/fire_database/image271.jpg,no_fire
168,168,assets/addi/fire_database/image272.jpg,no_fire
169,169,assets/addi/fire_database/image274.jpg,no_fire
170,170,assets/addi/fire_database/image275.jpg,fire
171,171,assets/addi/fire_database/image276.jpg,fire
172,172,assets/addi/fire_database/image277.jpg,no_fire
173,173,assets/addi/fire_database/image278.jpg,fire
174,174,assets/addi/fire_database/image279.jpg,no_fire
175,175,assets/addi/fire_database/image28.jpg,no_fire
176,176,assets/addi/fire_database/image280.jpg,fire
177,177,assets/addi/fire_database/image281.jpg,no_fire
178,178,assets/addi/fire_database/image282.jpg,no_fire
179,179,assets/addi/fire_database/image283.jpg,no_fire
180,180,assets/addi/fire_database/image284.jpg,no_fire
181,181,assets/addi/fire_database/image285.jpg,no_fire
182,182,assets/addi/fire_database/image286.jpg,fire
183,183,assets/addi/fire_database/image287.jpg,no_fire
184,184,assets/addi/fire_database/image289.jpg,no_fire
185,185,assets/addi/fire_database/image29.jpg,no_fire
186,186,assets/addi/fire_database/image290.jpg,fire
187,187,assets/addi/fire_database/image291.jpg,fire
188,188,assets/addi/fire_database/image292.jpg,fire
189,189,assets/addi/fire_database/image293.jpg,fire
190,190,assets/addi/fire_database/image294.jpg,no_fire
191,191,assets/addi/fire_database/image295.jpg,fire
192,192,assets/addi/fire_database/image296.jpg,no_fire
193,193,assets/addi/fire_database/image297.jpg,no_fire
194,194,assets/addi/fire_database/image298.jpg,no_fire
195,195,assets/addi/fire_database/image3.jpg,no_fire
196,196,assets/addi/fire_database/image30.jpg,no_fire
197,197,assets/addi/fire_database/image300.jpg,fire
198,198,assets/addi/fire_database/image301.jpg,no_fire
199,199,assets/addi/fire_database/image302.jpg,fire
200,200,assets/addi/fire_database/image303.jpg,no_fire
201,201,assets/addi/fire_database/image304.jpg,fire
202,202,assets/addi/fire_database/image305.jpg,no_fire
203,203,assets/addi/fire_database/image306.jpg,fire
204,204,assets/addi/fire_database/image307.jpg,no_fire
205,205,assets/addi/fire_database/image308.jpg,no_fire
206,206,assets/addi/fire_database/image309.jpg,no_fire
207,207,assets/addi/fire_database/image31.jpg,fire
208,208,assets/addi/fire_database/image310.jpg,no_fire
209,209,assets/addi/fire_database/image311.jpg,no_fire
210,210,assets/addi/fire_database/image313.jpg,no_fire
211,211,assets/addi/fire_database/image314.jpg,no_fire
212,212,assets/addi/fire_database/image315.jpg,fire
213,213,assets/addi/fire_database/image316.jpg,no_fire
214,214,assets/addi/fire_database/image319.jpg,no_fire
215,215,assets/addi/fire_database/image320.jpg,no_fire
216,216,assets/addi/fire_database/image321.jpg,fire
217,217,assets/addi/fire_database/image322.jpg,no_fire
218,218,assets/addi/fire_database/image323.jpg,no_fire
219,219,assets/addi/fire_database/image324.jpg,no_fire
220,220,assets/addi/fire_database/image325.jpg,no_fire
221,221,assets/addi/fire_database/image326.jpg,fire
222,222,assets/addi/fire_database/image327.jpg,no_fire
223,223,assets/addi/fire_database/image328.jpg,no_fire
224,224,assets/addi/fire_database/image33.jpg,no_fire
225,225,assets/addi/fire_database/image330.jpg,fire
226,226,assets/addi/fire_database/image331.jpg,no_fire
227,227,assets/addi/fire_database/image332.jpg,no_fire
228,228,assets/addi/fire_database/image333.jpg,no_fire
229,229,assets/addi/fire_database/image334.jpg,no_fire
230,230,assets/addi/fire_database/image335.jpg,no_fire
231,231,assets/addi/fire_database/image336.jpg,no_fire
232,232,assets/addi/fire_database/image337.jpg,no_fire
233,233,assets/addi/fire_database/image338.jpg,fire
234,234,assets/addi/fire_database/image339.jpg,no_fire
235,235,assets/addi/fire_database/image34.jpg,no_fire
236,236,assets/addi/fire_database/image341.jpg,no_fire
237,237,assets/addi/fire_database/image342.jpg,no_fire
238,238,assets/addi/fire_database/image343.jpg,no_fire
239,239,assets/addi/fire_database/image344.jpg,no_fire
240,240,assets/addi/fire_database/image345.jpg,no_fire
241,241,assets/addi/fire_database/image346.jpg,fire
242,242,assets/addi/fire_database/image347.jpg,fire
243,243,assets/addi/fire_database/image348.jpg,fire
244,244,assets/addi/fire_database/image349.jpg,no_fire
245,245,assets/addi/fire_database/image35.jpg,no_fire
246,246,assets/addi/fire_database/image350.jpg,fire
247,247,assets/addi/fire_database/image351.jpg,no_fire
248,248,assets/addi/fire_database/image352.jpg,no_fire
249,249,assets/addi/fire_database/image353.jpg,fire
250,250,assets/addi/fire_database/image354.jpg,fire
251,251,assets/addi/fire_database/image356.jpg,fire
252,252,assets/addi/fire_database/image357.jpg,no_fire
253,253,assets/addi/fire_database/image358.jpg,no_fire
254,254,assets/addi/fire_database/image36.jpg,fire
255,255,assets/addi/fire_database/image360.jpg,fire
256,256,assets/addi/fire_database/image363.jpg,fire
257,257,assets/addi/fire_database/image364.jpg,no_fire
258,258,assets/addi/fire_database/image365.jpg,fire
259,259,assets/addi/fire_database/image366.jpg,no_fire
260,260,assets/addi/fire_database/image367.jpg,no_fire
261,261,assets/addi/fire_database/image368.jpg,no_fire
262,262,assets/addi/fire_database/image369.jpg,no_fire
263,263,assets/addi/fire_database/image37.jpg,no_fire
264,264,assets/addi/fire_database/image370.jpg,no_fire
265,265,assets/addi/fire_database/image371.jpg,fire
266,266,assets/addi/fire_database/image372.jpg,no_fire
267,267,assets/addi/fire_database/image373.jpg,fire
268,268,assets/addi/fire_database/image377.jpg,fire
269,269,assets/addi/fire_database/image378.jpg,no_fire
270,270,assets/addi/fire_database/image379.jpg,fire
271,271,assets/addi/fire_database/image38.jpg,no_fire
272,272,assets/addi/fire_database/image380.jpg,no_fire
273,273,assets/addi/fire_database/image382.jpg,no_fire
274,274,assets/addi/fire_database/image383.jpg,fire
275,275,assets/addi/fire_database/image384.jpg,no_fire
276,276,assets/addi/fire_database/image385.jpg,no_fire
277,277,assets/addi/fire_database/image386.jpg,fire
278,278,assets/addi/fire_database/image387.jpg,no_fire
279,279,assets/addi/fire_database/image388.jpg,no_fire
280,280,assets/addi/fire_database/image39.jpg,no_fire
281,281,assets/addi/fire_database/image390.jpg,no_fire
282,282,assets/addi/fire_database/image391.jpg,fire
283,283,assets/addi/fire_database/image392.jpg,fire
284,284,assets/addi/fire_database/image393.jpg,no_fire
285,285,assets/addi/fire_database/image394.jpg,no_fire
286,286,assets/addi/fire_database/image395.jpg,fire
287,287,assets/addi/fire_database/image396.jpg,fire
288,288,assets/addi/fire_database/image397.jpg,no_fire
289,289,assets/addi/fire_database/image398.jpg,fire
290,290,assets/addi/fire_database/image399.jpg,no_fire
291,291,assets/addi/fire_database/image4.jpg,fire
292,292,assets/addi/fire_database/image40.jpg,no_fire
293,293,assets/addi/fire_database/image400.jpg,no_fire
294,294,assets/addi/fire_database/image401.jpg,no_fire
295,295,assets/addi/fire_database/image402.jpg,no_fire
296,296,assets/addi/fire_database/image403.jpg,no_fire
297,297,assets/addi/fire_database/image404.jpg,no_fire
298,298,assets/addi/fire_database/image405.jpg,no_fire
299,299,assets/addi/fire_database/image406.jpg,fire
300,300,assets/addi/fire_database/image407.jpg,no_fire
301,301,assets/addi/fire_database/image408.jpg,fire
302,302,assets/addi/fire_database/image409.jpg,no_fire
303,303,assets/addi/fire_database/image41.jpg,no_fire
304,304,assets/addi/fire_database/image410.jpg,no_fire
305,305,assets/addi/fire_database/image411.jpg,fire
306,306,assets/addi/fire_database/image412.jpg,no_fire
307,307,assets/addi/fire_database/image413.jpg,no_fire
308,308,assets/addi/fire_database/image414.jpg,fire
309,309,assets/addi/fire_database/image415.jpg,no_fire
310,310,assets/addi/fire_database/image416.jpg,no_fire
311,311,assets/addi/fire_database/image417.jpg,no_fire
312,312,assets/addi/fire_database/image418.jpg,no_fire
313,313,assets/addi/fire_database/image419.jpg,fire
314,314,assets/addi/fire_database/image420.jpg,no_fire
315,315,assets/addi/fire_database/image421.jpg,no_fire
316,316,assets/addi/fire_database/image422.jpg,no_fire
317,317,assets/addi/fire_database/image423.jpg,no_fire
318,318,assets/addi/fire_database/image424.jpg,fire
319,319,assets/addi/fire_database/image425.jpg,no_fire
320,320,assets/addi/fire_database/image426.jpg,fire
321,321,assets/addi/fire_database/image427.jpg,no_fire
322,322,assets/addi/fire_database/image428.jpg,no_fire
323,323,assets/addi/fire_database/image43.jpg,no_fire
324,324,assets/addi/fire_database/image431.jpg,fire
325,325,assets/addi/fire_database/image432.jpg,no_fire
326,326,assets/addi/fire_database/image433.jpg,no_fire
327,327,assets/addi/fire_database/image434.jpg,fire
328,328,assets/addi/fire_database/image435.jpg,no_fire
329,329,assets/addi/fire_database/image436.jpg,fire
330,330,assets/addi/fire_database/image437.jpg,no_fire
331,331,assets/addi/fire_database/image438.jpg,no_fire
332,332,assets/addi/fire_database/image439.jpg,no_fire
333,333,assets/addi/fire_database/image441.jpg,fire
334,334,assets/addi/fire_database/image442.jpg,no_fire
335,335,assets/addi/fire_database/image443.jpg,no_fire
336,336,assets/addi/fire_database/image444.jpg,no_fire
337,337,assets/addi/fire_database/image445.jpg,fire
338,338,assets/addi/fire_database/image446.jpg,no_fire
339,339,assets/addi/fire_database/image447.jpg,no_fire
340,340,assets/addi/fire_database/image448.jpg,fire
341,341,assets/addi/fire_database/image45.jpg,fire
342,342,assets/addi/fire_database/image450.jpg,fire
343,343,assets/addi/fire_database/image452.jpg,no_fire
344,344,assets/addi/fire_database/image453.jpg,no_fire
345,345,assets/addi/fire_database/image454.jpg,fire
346,346,assets/addi/fire_database/image455.jpg,no_fire
347,347,assets/addi/fire_database/image456.jpg,fire
348,348,assets/addi/fire_database/image457.jpg,no_fire
349,349,assets/addi/fire_database/image458.jpg,no_fire
350,350,assets/addi/fire_database/image459.jpg,no_fire
351,351,assets/addi/fire_database/image46.jpg,no_fire
352,352,assets/addi/fire_database/image460.jpg,no_fire
353,353,assets/addi/fire_database/image461.jpg,no_fire
354,354,assets/addi/fire_database/image463.jpg,fire
355,355,assets/addi/fire_database/image464.jpg,no_fire
356,356,assets/addi/fire_database/image465.jpg,fire
357,357,assets/addi/fire_database/image466.jpg,no_fire
358,358,assets/addi/fire_database/image467.jpg,no_fire
359,359,assets/addi/fire_database/image468.jpg,fire
360,360,assets/addi/fire_database/image469.jpg,no_fire
361,361,assets/addi/fire_database/image47.jpg,no_fire
362,362,assets/addi/fire_database/image471.jpg,no_fire
363,363,assets/addi/fire_database/image473.jpg,fire
364,364,assets/addi/fire_database/image474.jpg,fire
365,365,assets/addi/fire_database/image476.jpg,no_fire
366,366,assets/addi/fire_database/image477.jpg,no_fire
367,367,assets/addi/fire_database/image478.jpg,no_fire
368,368,assets/addi/fire_database/image479.jpg,fire
369,369,assets/addi/fire_database/image48.jpg,no_fire
370,370,assets/addi/fire_database/image480.jpg,no_fire
371,371,assets/addi/fire_database/image482.jpg,fire
372,372,assets/addi/fire_database/image483.jpg,no_fire
373,373,assets/addi/fire_database/image484.jpg,no_fire
374,374,assets/addi/fire_database/image485.jpg,no_fire
375,375,assets/addi/fire_database/image486.jpg,fire
376,376,assets/addi/fire_database/image487.jpg,fire
377,377,assets/addi/fire_database/image488.jpg,no_fire
378,378,assets/addi/fire_database/image489.jpg,fire
379,379,assets/addi/fire_database/image49.jpg,fire
380,380,assets/addi/fire_database/image490.jpg,fire
381,381,assets/addi/fire_database/image491.jpg,no_fire
382,382,assets/addi/fire_database/image492.jpg,no_fire
383,383,assets/addi/fire_database/image494.jpg,no_fire
384,384,assets/addi/fire_database/image495.jpg,no_fire
385,385,assets/addi/fire_database/image496.jpg,no_fire
386,386,assets/addi/fire_database/image497.jpg,no_fire
387,387,assets/addi/fire_database/image498.jpg,no_fire
388,388,assets/addi/fire_database/image499.jpg,fire
389,389,assets/addi/fire_database/image5.jpg,no_fire
390,390,assets/addi/fire_database/image50.jpg,fire
391,391,assets/addi/fire_database/image501.jpg,no_fire
392,392,assets/addi/fire_database/image502.jpg,no_fire
393,393,assets/addi/fire_database/image503.jpg,no_fire
394,394,assets/addi/fire_database/image504.jpg,fire
395,395,assets/addi/fire_database/image505.jpg,no_fire
396,396,assets/addi/fire_database/image506.jpg,fire
397,397,assets/addi/fire_database/image507.jpg,no_fire
398,398,assets/addi/fire_database/image508.jpg,no_fire
399,399,assets/addi/fire_database/image509.jpg,fire
400,400,assets/addi/fire_database/image51.jpg,no_fire
401,401,assets/addi/fire_database/image510.jpg,no_fire
402,402,assets/addi/fire_database/image512.jpg,no_fire
403,403,assets/addi/fire_database/image513.jpg,no_fire
404,404,assets/addi/fire_database/image514.jpg,no_fire
405,405,assets/addi/fire_database/image515.jpg,no_fire
406,406,assets/addi/fire_database/image516.jpg,no_fire
407,407,assets/addi/fire_database/image517.jpg,fire
408,408,assets/addi/fire_database/image519.jpg,fire
409,409,assets/addi/fire_database/image52.jpg,no_fire
410,410,assets/addi/fire_database/image520.jpg,no_fire
411,411,assets/addi/fire_database/image522.jpg,no_fire
412,412,assets/addi/fire_database/image523.jpg,no_fire
413,413,assets/addi/fire_database/image525.jpg,no_fire
414,414,assets/addi/fire_database/image526.jpg,fire
415,415,assets/addi/fire_database/image527.jpg,fire
416,416,assets/addi/fire_database/image528.jpg,no_fire
417,417,assets/addi/fire_database/image529.jpg,fire
418,418,assets/addi/fire_database/image53.jpg,fire
419,419,assets/addi/fire_database/image530.jpg,no_fire
420,420,assets/addi/fire_database/image531.jpg,no_fire
421,421,assets/addi/fire_database/image532.jpg,fire
422,422,assets/addi/fire_database/image533.jpg,no_fire
423,423,assets/addi/fire_database/image534.jpg,no_fire
424,424,assets/addi/fire_database/image535.jpg,fire
425,425,assets/addi/fire_database/image536.jpg,no_fire
426,426,assets/addi/fire_database/image537.jpg,fire
427,427,assets/addi/fire_database/image538.jpg,no_fire
428,428,assets/addi/fire_database/image539.jpg,fire
429,429,assets/addi/fire_database/image54.jpg,fire
430,430,assets/addi/fire_database/image540.jpg,no_fire
431,431,assets/addi/fire_database/image541.jpg,fire
432,432,assets/addi/fire_database/image543.jpg,fire
433,433,assets/addi/fire_database/image544.jpg,no_fire
434,434,assets/addi/fire_database/image546.jpg,fire
435,435,assets/addi/fire_database/image547.jpg,no_fire
436,436,assets/addi/fire_database/image548.jpg,fire
437,437,assets/addi/fire_database/image549.jpg,no_fire
438,438,assets/addi/fire_database/image55.jpg,no_fire
439,439,assets/addi/fire_database/image550.jpg,no_fire
440,440,assets/addi/fire_database/image552.jpg,no_fire
441,441,assets/addi/fire_database/image553.jpg,fire
442,442,assets/addi/fire_database/image554.jpg,no_fire
443,443,assets/addi/fire_database/image555.jpg,fire
444,444,assets/addi/fire_database/image556.jpg,no_fire
445,445,assets/addi/fire_database/image557.jpg,fire
446,446,assets/addi/fire_database/image558.jpg,no_fire
447,447,assets/addi/fire_database/image559.jpg,fire
448,448,assets/addi/fire_database/image56.jpg,no_fire
449,449,assets/addi/fire_database/image560.jpg,no_fire
450,450,assets/addi/fire_database/image561.jpg,fire
451,451,assets/addi/fire_database/image562.jpg,no_fire
452,452,assets/addi/fire_database/image563.jpg,no_fire
453,453,assets/addi/fire_database/image565.jpg,no_fire
454,454,assets/addi/fire_database/image566.jpg,fire
455,455,assets/addi/fire_database/image568.jpg,no_fire
456,456,assets/addi/fire_database/image569.jpg,fire
457,457,assets/addi/fire_database/image57.jpg,no_fire
458,458,assets/addi/fire_database/image570.jpg,fire
459,459,assets/addi/fire_database/image571.jpg,no_fire
460,460,assets/addi/fire_database/image573.jpg,no_fire
461,461,assets/addi/fire_database/image574.jpg,fire
462,462,assets/addi/fire_database/image576.jpg,no_fire
463,463,assets/addi/fire_database/image577.jpg,no_fire
464,464,assets/addi/fire_database/image578.jpg,no_fire
465,465,assets/addi/fire_database/image579.jpg,fire
466,466,assets/addi/fire_database/image58.jpg,fire
467,467,assets/addi/fire_database/image581.jpg,fire
468,468,assets/addi/fire_database/image582.jpg,no_fire
469,469,assets/addi/fire_database/image583.jpg,fire
470,470,assets/addi/fire_database/image584.jpg,no_fire
471,471,assets/addi/fire_database/image585.jpg,no_fire
472,472,assets/addi/fire_database/image586.jpg,no_fire
473,473,assets/addi/fire_database/image587.jpg,fire
474,474,assets/addi/fire_database/image588.jpg,no_fire
475,475,assets/addi/fire_database/image590.jpg,no_fire
476,476,assets/addi/fire_database/image591.jpg,no_fire
477,477,assets/addi/fire_database/image592.jpg,no_fire
478,478,assets/addi/fire_database/image594.jpg,fire
479,479,assets/addi/fire_database/image595.jpg,fire
480,480,assets/addi/fire_database/image596.jpg,no_fire
481,481,assets/addi/fire_database/image597.jpg,no_fire
482,482,assets/addi/fire_database/image598.jpg,fire
483,483,assets/addi/fire_database/image599.jpg,no_fire
484,484,assets/addi/fire_database/image600.jpg,fire
485,485,assets/addi/fire_database/image601.jpg,fire
486,486,assets/addi/fire_database/image603.jpg,fire
487,487,assets/addi/fire_database/image604.jpg,no_fire
488,488,assets/addi/fire_database/image605.jpg,fire
489,489,assets/addi/fire_database/image606.jpg,no_fire
490,490,assets/addi/fire_database/image607.jpg,no_fire
491,491,assets/addi/fire_database/image608.jpg,no_fire
492,492,assets/addi/fire_database/image609.jpg,no_fire
493,493,assets/addi/fire_database/image61.jpg,fire
494,494,assets/addi/fire_database/image610.jpg,fire
495,495,assets/addi/fire_database/image611.jpg,no_fire
496,496,assets/addi/fire_database/image613.jpg,no_fire
497,497,assets/addi/fire_database/image614.jpg,no_fire
498,498,assets/addi/fire_database/image615.jpg,no_fire
499,499,assets/addi/fire_database/image616.jpg,fire
500,500,assets/addi/fire_database/image617.jpg,no_fire
501,501,assets/addi/fire_database/image619.jpg,fire
502,502,assets/addi/fire_database/image62.jpg,no_fire
503,503,assets/addi/fire_database/image620.jpg,no_fire
504,504,assets/addi/fire_database/image621.jpg,fire
505,505,assets/addi/fire_database/image623.jpg,no_fire
506,506,assets/addi/fire_database/image625.jpg,no_fire
507,507,assets/addi/fire_database/image627.jpg,no_fire
508,508,assets/addi/fire_database/image628.jpg,fire
509,509,assets/addi/fire_database/image63.jpg,no_fire
510,510,assets/addi/fire_database/image630.jpg,no_fire
511,511,assets/addi/fire_database/image631.jpg,no_fire
512,512,assets/addi/fire_database/image632.jpg,fire
513,513,assets/addi/fire_database/image633.jpg,no_fire
514,514,assets/addi/fire_database/image634.jpg,fire
515,515,assets/addi/fire_database/image635.jpg,no_fire
516,516,assets/addi/fire_database/image636.jpg,no_fire
517,517,assets/addi/fire_database/image637.jpg,no_fire
518,518,assets/addi/fire_database/image638.jpg,no_fire
519,519,assets/addi/fire_database/image639.jpg,no_fire
520,520,assets/addi/fire_database/image64.jpg,no_fire
521,521,assets/addi/fire_database/image640.jpg,fire
522,522,assets/addi/fire_database/image641.jpg,no_fire
523,523,assets/addi/fire_database/image642.jpg,fire
524,524,assets/addi/fire_database/image645.jpg,no_fire
525,525,assets/addi/fire_database/image646.jpg,fire
526,526,assets/addi/fire_database/image647.jpg,no_fire
527,527,assets/addi/fire_database/image649.jpg,no_fire
528,528,assets/addi/fire_database/image651.jpg,no_fire
529,529,assets/addi/fire_database/image652.jpg,no_fire
530,530,assets/addi/fire_database/image653.jpg,no_fire
531,531,assets/addi/fire_database/image654.jpg,fire
532,532,assets/addi/fire_database/image655.jpg,no_fire
533,533,assets/addi/fire_database/image656.jpg,fire
534,534,assets/addi/fire_database/image657.jpg,no_fire
535,535,assets/addi/fire_database/image658.jpg,no_fire
536,536,assets/addi/fire_database/image659.jpg,fire
537,537,assets/addi/fire_database/image66.jpg,fire
538,538,assets/addi/fire_database/image661.jpg,no_fire
539,539,assets/addi/fire_database/image663.jpg,fire
540,540,assets/addi/fire_database/image666.jpg,fire
541,541,assets/addi/fire_database/image669.jpg,fire
542,542,assets/addi/fire_database/image67.jpg,no_fire
543,543,assets/addi/fire_database/image670.jpg,no_fire
544,544,assets/addi/fire_database/image672.jpg,no_fire
545,545,assets/addi/fire_database/image673.jpg,no_fire
546,546,assets/addi/fire_database/image674.jpg,no_fire
547,547,assets/addi/fire_database/image677.jpg,fire
548,548,assets/addi/fire_database/image678.jpg,fire
549,549,assets/addi/fire_database/image679.jpg,no_fire
550,550,assets/addi/fire_database/image68.jpg,no_fire
551,551,assets/addi/fire_database/image681.jpg,no_fire
552,552,assets/addi/fire_database/image682.jpg,no_fire
553,553,assets/addi/fire_database/image683.jpg,fire
554,554,assets/addi/fire_database/image685.jpg,no_fire
555,555,assets/addi/fire_database/image686.jpg,fire
556,556,assets/addi/fire_database/image687.jpg,fire
557,557,assets/addi/fire_database/image688.jpg,no_fire
558,558,assets/addi/fire_database/image690.jpg,no_fire
559,559,assets/addi/fire_database/image691.jpg,fire
560,560,assets/addi/fire_database/image692.jpg,no_fire
561,561,assets/addi/fire_database/image693.jpg,no_fire
562,562,assets/addi/fire_database/image694.jpg,fire
563,563,assets/addi/fire_database/image695.jpg,fire
564,564,assets/addi/fire_database/image696.jpg,no_fire
565,565,assets/addi/fire_database/image697.jpg,no_fire
566,566,assets/addi/fire_database/image698.jpg,fire
567,567,assets/addi/fire_database/image699.jpg,no_fire
568,568,assets/addi/fire_database/image70.jpg,no_fire
569,569,assets/addi/fire_database/image700.jpg,no_fire
570,570,assets/addi/fire_database/image701.jpg,fire
571,571,assets/addi/fire_database/image702.jpg,no_fire
572,572,assets/addi/fire_database/image703.jpg,no_fire
573,573,assets/addi/fire_database/image704.jpg,fire
574,574,assets/addi/fire_database/image705.jpg,fire
575,575,assets/addi/fire_database/image707.jpg,no_fire
576,576,assets/addi/fire_database/image708.jpg,no_fire
577,577,assets/addi/fire_database/image709.jpg,fire
578,578,assets/addi/fire_database/image71.jpg,fire
579,579,assets/addi/fire_database/image710.jpg,fire
580,580,assets/addi/fire_database/image711.jpg,no_fire
581,581,assets/addi/fire_database/image713.jpg,no_fire
582,582,assets/addi/fire_database/image715.jpg,fire
583,583,assets/addi/fire_database/image717.jpg,no_fire
584,584,assets/addi/fire_database/image718.jpg,fire
585,585,assets/addi/fire_database/image719.jpg,no_fire
586,586,assets/addi/fire_database/image72.jpg,fire
587,587,assets/addi/fire_database/image720.jpg,no_fire
588,588,assets/addi/fire_database/image722.jpg,fire
589,589,assets/addi/fire_database/image723.jpg,fire
590,590,assets/addi/fire_database/image725.jpg,no_fire
591,591,assets/addi/fire_database/image726.jpg,fire
592,592,assets/addi/fire_database/image730.jpg,fire
593,593,assets/addi/fire_database/image731.jpg,no_fire
594,594,assets/addi/fire_database/image732.jpg,no_fire
595,595,assets/addi/fire_database/image734.jpg,no_fire
596,596,assets/addi/fire_database/image736.jpg,fire
597,597,assets/addi/fire_database/image737.jpg,fire
598,598,assets/addi/fire_database/image738.jpg,fire
599,599,assets/addi/fire_database/image740.jpg,no_fire
600,600,assets/addi/fire_database/image741.jpg,no_fire
601,601,assets/addi/fire_database/image742.jpg,no_fire
602,602,assets/addi/fire_database/image743.jpg,fire
603,603,assets/addi/fire_database/image744.jpg,no_fire
604,604,assets/addi/fire_database/image745.jpg,fire
605,605,assets/addi/fire_database/image746.jpg,no_fire
606,606,assets/addi/fire_database/image747.jpg,no_fire
607,607,assets/addi/fire_database/image748.jpg,fire
608,608,assets/addi/fire_database/image75.jpg,no_fire
609,609,assets/addi/fire_database/image750.jpg,no_fire
610,610,assets/addi/fire_database/image751.jpg,fire
611,611,assets/addi/fire_database/image752.jpg,fire
612,612,assets/addi/fire_database/image753.jpg,no_fire
613,613,assets/addi/fire_database/image754.jpg,fire
614,614,assets/addi/fire_database/image755.jpg,fire
615,615,assets/addi/fire_database/image756.jpg,no_fire
616,616,assets/addi/fire_database/image757.jpg,no_fire
617,617,assets/addi/fire_database/image758.jpg,no_fire
618,618,assets/addi/fire_database/image759.jpg,fire
619,619,assets/addi/fire_database/image76.jpg,fire
620,620,assets/addi/fire_database/image761.jpg,no_fire
621,621,assets/addi/fire_database/image762.jpg,no_fire
622,622,assets/addi/fire_database/image763.jpg,fire
623,623,assets/addi/fire_database/image764.jpg,no_fire
624,624,assets/addi/fire_database/image765.jpg,fire
625,625,assets/addi/fire_database/image766.jpg,no_fire
626,626,assets/addi/fire_database/image767.jpg,no_fire
627,627,assets/addi/fire_database/image768.jpg,no_fire
628,628,assets/addi/fire_database/image769.jpg,fire
629,629,assets/addi/fire_database/image770.jpg,no_fire
630,630,assets/addi/fire_database/image772.jpg,no_fire
631,631,assets/addi/fire_database/image774.jpg,fire
632,632,assets/addi/fire_database/image778.jpg,no_fire
633,633,assets/addi/fire_database/image78.jpg,no_fire
634,634,assets/addi/fire_database/image781.jpg,fire
635,635,assets/addi/fire_database/image782.jpg,fire
636,636,assets/addi/fire_database/image783.jpg,no_fire
637,637,assets/addi/fire_database/image784.jpg,fire
638,638,assets/addi/fire_database/image785.jpg,no_fire
639,639,assets/addi/fire_database/image786.jpg,fire
640,640,assets/addi/fire_database/image787.jpg,no_fire
641,641,assets/addi/fire_database/image788.jpg,no_fire
642,642,assets/addi/fire_database/image789.jpg,no_fire
643,643,assets/addi/fire_database/image79.jpg,no_fire
644,644,assets/addi/fire_database/image790.jpg,fire
645,645,assets/addi/fire_database/image791.jpg,no_fire
646,646,assets/addi/fire_database/image792.jpg,fire
647,647,assets/addi/fire_database/image793.jpg,no_fire
648,648,assets/addi/fire_database/image794.jpg,no_fire
649,649,assets/addi/fire_database/image796.jpg,fire
650,650,assets/addi/fire_database/image797.jpg,no_fire
651,651,assets/addi/fire_database/image798.jpg,fire
652,652,assets/addi/fire_database/image799.jpg,fire
653,653,assets/addi/fire_database/image8.jpg,fire
654,654,assets/addi/fire_database/image80.jpg,no_fire
655,655,assets/addi/fire_database/image800.jpg,fire
656,656,assets/addi/fire_database/image801.jpg,no_fire
657,657,assets/addi/fire_database/image802.jpg,no_fire
658,658,assets/addi/fire_database/image803.jpg,no_fire
659,659,assets/addi/fire_database/image804.jpg,no_fire
660,660,assets/addi/fire_database/image805.jpg,fire
661,661,assets/addi/fire_database/image806.jpg,no_fire
662,662,assets/addi/fire_database/image807.jpg,no_fire
663,663,assets/addi/fire_database/image808.jpg,fire
664,664,assets/addi/fire_database/image809.jpg,no_fire
665,665,assets/addi/fire_database/image810.jpg,fire
666,666,assets/addi/fire_database/image812.jpg,fire
667,667,assets/addi/fire_database/image813.jpg,fire
668,668,assets/addi/fire_database/image814.jpg,no_fire
669,669,assets/addi/fire_database/image817.jpg,no_fire
670,670,assets/addi/fire_database/image818.jpg,fire
671,671,assets/addi/fire_database/image819.jpg,no_fire
672,672,assets/addi/fire_database/image82.jpg,fire
673,673,assets/addi/fire_database/image821.jpg,no_fire
674,674,assets/addi/fire_database/image822.jpg,no_fire
675,675,assets/addi/fire_database/image823.jpg,no_fire
676,676,assets/addi/fire_database/image824.jpg,no_fire
677,677,assets/addi/fire_database/image825.jpg,fire
678,678,assets/addi/fire_database/image827.jpg,no_fire
679,679,assets/addi/fire_database/image828.jpg,no_fire
680,680,assets/addi/fire_database/image829.jpg,fire
681,681,assets/addi/fire_database/image83.jpg,fire
682,682,assets/addi/fire_database/image830.jpg,fire
683,683,assets/addi/fire_database/image831.jpg,no_fire
684,684,assets/addi/fire_database/image832.jpg,no_fire
685,685,assets/addi/fire_database/image833.jpg,no_fire
686,686,assets/addi/fire_database/image834.jpg,fire
687,687,assets/addi/fire_database/image835.jpg,no_fire
688,688,assets/addi/fire_database/image836.jpg,no_fire
689,689,assets/addi/fire_database/image837.jpg,fire
690,690,assets/addi/fire_database/image838.jpg,no_fire
691,691,assets/addi/fire_database/image839.jpg,fire
692,692,assets/addi/fire_database/image840.jpg,no_fire
693,693,assets/addi/fire_database/image841.jpg,fire
694,694,assets/addi/fire_database/image842.jpg,fire
695,695,assets/addi/fire_database/image843.jpg,no_fire
696,696,assets/addi/fire_database/image846.jpg,no_fire
697,697,assets/addi/fire_database/image847.jpg,no_fire
698,698,assets/addi/fire_database/image848.jpg,no_fire
699,699,assets/addi/fire_database/image849.jpg,fire
700,700,assets/addi/fire_database/image85.jpg,fire
701,701,assets/addi/fire_database/image850.jpg,no_fire
702,702,assets/addi/fire_database/image851.jpg,fire
703,703,assets/addi/fire_database/image852.jpg,no_fire
704,704,assets/addi/fire_database/image853.jpg,no_fire
705,705,assets/addi/fire_database/image854.jpg,no_fire
706,706,assets/addi/fire_database/image856.jpg,no_fire
707,707,assets/addi/fire_database/image857.jpg,fire
708,708,assets/addi/fire_database/image858.jpg,fire
709,709,assets/addi/fire_database/image859.jpg,fire
710,710,assets/addi/fire_database/image86.jpg,no_fire
711,711,assets/addi/fire_database/image860.jpg,no_fire
712,712,assets/addi/fire_database/image861.jpg,no_fire
713,713,assets/addi/fire_database/image862.jpg,fire
714,714,assets/addi/fire_database/image863.jpg,no_fire
715,715,assets/addi/fire_database/image864.jpg,no_fire
716,716,assets/addi/fire_database/image865.jpg,no_fire
717,717,assets/addi/fire_database/image866.jpg,no_fire
718,718,assets/addi/fire_database/image867.jpg,fire
719,719,assets/addi/fire_database/image868.jpg,no_fire
720,720,assets/addi/fire_database/image869.jpg,no_fire
721,721,assets/addi/fire_database/image87.jpg,no_fire
722,722,assets/addi/fire_database/image870.jpg,fire
723,723,assets/addi/fire_database/image871.jpg,no_fire
724,724,assets/addi/fire_database/image872.jpg,no_fire
725,725,assets/addi/fire_database/image873.jpg,fire
726,726,assets/addi/fire_database/image874.jpg,fire
727,727,assets/addi/fire_database/image875.jpg,fire
728,728,assets/addi/fire_database/image876.jpg,no_fire
729,729,assets/addi/fire_database/image877.jpg,no_fire
730,730,assets/addi/fire_database/image878.jpg,no_fire
731,731,assets/addi/fire_database/image88.jpg,fire
732,732,assets/addi/fire_database/image89.jpg,no_fire
733,733,assets/addi/fire_database/image9.jpg,fire
734,734,assets/addi/fire_database/image90.jpg,no_fire
735,735,assets/addi/fire_database/image91.jpg,fire
736,736,assets/addi/fire_database/image92.jpg,fire
737,737,assets/addi/fire_database/image93.jpg,no_fire
738,738,assets/addi/fire_database/image94.jpg,no_fire
739,739,assets/addi/fire_database/image95.jpg,fire
740,740,assets/addi/fire_database/image96.jpg,no_fire
741,741,assets/addi/fire_database/image97.jpg,fire
742,742,assets/addi/fire_database/image98.jpg,no_fire
743,743,assets/addi/fire_database/image99.jpg,no_fire
